QueriedName,CompanyNumber,MatchedName,MatchedNumber,MatchSource
BULLDOG MINI SKIPS LTD,15330909,BULLDOG MINI SKIPS LTD,15330909,CompanyNumber
BULLDOG LIMITED,09043007,BULLDOG MORTLAKE LIMITED,09043007,CompanyNumber
BULLDOG MUSHROOMS LTD,08465312,BULLDOG MUSHROOMS LTD,08465312,CompanyNumber
BULLDOG MUSICAL ENTERTAINMENTS LIMITED,01652098,BULLDOG MUSICAL ENTERTAINMENTS LIMITED,01652098,CompanyNumber
BULLDOG NETWORK (BOURNEMOUTH) LIMITED,04667818,BULLDOG NETWORK (BOURNEMOUTH) LIMITED,04667818,CompanyNumber
BULLDOG OFFSHORE SERVICES LIMITED,04357809,BULLDOG OFFSHORE SERVICES LIMITED,04357809,CompanyNumber
BULLDOG OUTDOORS LIMITED,05583758,BULLDOG OUTDOORS LIMITED,05583758,CompanyNumber
BULLDOG PALLETS & SONS LTD,15431666,BULLDOG PALLETS & SONS LTD,15431666,CompanyNumber
BULLDOG PLANT & EQUIPMENT LTD,13302843,BULLDOG PLANT & EQUIPMENT LTD,13302843,CompanyNumber
BULLDOG PLANT LTD,13304901,BULLDOG PLANT LTD,13304901,CompanyNumber
BULLDOG PLANTIRE LIMITED,01477370,BULLDOG PLANTIRE LIMITED,01477370,CompanyNumber
bulldog plumbing limited,06336248,BULLDOG PLUMBING LIMITED,06336248,CompanyNumber
bulldog plumbing services ltd,14797406,BULLDOG PLUMBING SERVICES LTD,14797406,CompanyNumber
bulldog political consulting limited,12741287,BULLDOG POLITICAL CONSULTING LIMITED,12741287,CompanyNumber
bulldog power ltd,08186306,BULLDOG POWER LTD,08186306,CompanyNumber
bulldog practical support ltd,14255557,BULLDOG PRACTICAL SUPPORT LTD,14255557,CompanyNumber
bulldog premium growth i limited,02779155,BULLDOG PREMIUM GROWTH I LIMITED,02779155,CompanyNumber
bulldog print group ltd,13377116,BULLDOG PRINT GROUP LTD,13377116,CompanyNumber
bulldog products installations limited,03308221,BULLDOG PRODUCTS INSTALLATIONS LIMITED,03308221,CompanyNumber
bulldog products limited,03151586,BULLDOG PRODUCTS LIMITED,03151586,CompanyNumber
bulldog properties (kent) limited,07545206,BULLDOG PROPERTIES (KENT) LIMITED,07545206,CompanyNumber
bulldog properties (yorkshire) ltd,10884907,BULLDOG PROPERTIES (YORKSHIRE) LTD,10884907,CompanyNumber
bulldog properties and lettings limited,13087377,BULLDOG PROPERTIES AND LETTINGS LIMITED,13087377,CompanyNumber
BULLDOG PROPERTIES LTD,13732085,BULLDOG PROPERTIES FYLDE LTD,13732085,CompanyNumber
BULLDOG PROPERTIES LTD,12787961,BULLDOG PROPERTIES LTD,12787961,CompanyNumber
BULLDOG PROPERTY INVESTMENTS,14977826,BULLDOG PROPERTY INVESTMENTS LTD,14977826,CompanyNumber
BULLDOG PROPERTY SERVICES,11977850,BULLDOG PROPERTY SERVICES LTD,11977850,CompanyNumber
BULLDOG PROPERTY SOURCES LTD,13575772,BULLDOG PROPERTY SOURCING LTD,13575772,CompanyNumber
BULLDOG PROTECTION SYSTEMS LIMITED,04349069,BULLDOG PROTECTION SYSTEMS LIMITED,04349069,CompanyNumber
BULLDOG PUBLISHING LIMITED,03138960,BULLDOG PUBLISHING LIMITED,03138960,CompanyNumber
BULLDOG RECOVERY LTD,10986687,BULLDOG RECOVERY LTD,10986687,CompanyNumber
BULLDOG RECRUITMENT LIMITED,10284636,BULLDOG RECRUITMENT LIMITED,10284636,CompanyNumber
BULLDOG REMOULDS LIMITED,00932731,BULLDOG REMOULDS LIMITED,00932731,CompanyNumber
BULLDOG REMOVALS LTD,SC640720,BULLDOG REMOVALS LTD,SC640720,CompanyNumber
BULLDOG REPORTING LIMITED,10526596,BULLDOG REPORTING LIMITED,10526596,CompanyNumber
BULLDOG RESCUE AND RE-HOMING TRUST,05664557,BULLDOG RESCUE AND RE-HOMING TRUST,05664557,CompanyNumber
BULLDOG RESIDENTIAL PROPERTIES LLP,OC445056,BULLDOG RESIDENTIAL PROPERTIES LLP,OC445056,CompanyNumber
BULLDOG RESOURCING LTD,11170931,BULLDOG RESOURCING LTD,11170931,CompanyNumber
BULLDOG RETAIL LTD,14453012,BULLDOG RETAIL LTD,14453012,CompanyNumber
BULLDOG RIGGING SERVICES LTD,13334173,BULLDOG RIGGING SERVICES LTD,13334173,CompanyNumber
BULLDOG SALES & CONSULTING LTD,11838768,BULLDOG SALES & CONSULTING LTD,11838768,CompanyNumber
BULLDOG SCAFFOLDING (BOSTON) LTD,15600057,BULLDOG SCAFFOLDING (BOSTON) LTD,15600057,CompanyNumber
BULLDOG SECURITY LIMITED,07407395,BULLDOG SECURITY LIMITED,07407395,CompanyNumber
BULLDOG SECURITY PRODUCTS LIMITED,01799475,BULLDOG SECURITY PRODUCTS LIMITED,01799475,CompanyNumber
BULLDOG SELF STORAGE LIMITED,10761396,BULLDOG SELF STORAGE LIMITED,10761396,CompanyNumber
BULLDOG SERVICE STATION LIMITED,00631975,BULLDOG SERVICE STATION LIMITED,00631975,CompanyNumber
BULLDOG SERVICES GRP LTD,13067510,BULLDOG SERVICES GRP LTD,13067510,CompanyNumber
BULLDOG SERVICES LIMITED,15298599,BULLDOG SERVICES LIMITED,15298599,CompanyNumber
BULLDOG SHEDS AND FENCING LIMITED,06403796,BULLDOG SHEDS AND FENCING LIMITED,06403796,CompanyNumber
BULLDOG SKINCARE HOLDINGS LIMITED,08850582,BULLDOG SKINCARE HOLDINGS LIMITED,08850582,CompanyNumber
BULLDOG SKINCARE LIMITED,05717974,BULLDOG SKINCARE LIMITED,05717974,CompanyNumber
BULLDOG SOLUTIONS GRP LTD,13067555,BULLDOG SOLUTIONS GRP LTD,13067555,CompanyNumber
BULLDOG SKINCARE,05717974,BULLDOG SKINCARE LIMITED,05717974,CompanyNumber
BULLDOG SOLUTIONS GRP,13067555,BULLDOG SOLUTIONS GRP LTD,13067555,CompanyNumber
BULLDOG SOLUTIONS LTD.,08637142,BULLDOG SOLUTIONS LTD.,08637142,CompanyNumber
BULLDOG SPARX LIMITED,12094677,BULLDOG SPARX LIMITED,12094677,CompanyNumber
BULLDOG SPIRIT LIMITED,15382197,BULLDOG SPIRIT LIMITED,15382197,CompanyNumber
BULLDOG SPORTS & BRANDING (UK) LTD,11653228,BULLDOG SPORTS & BRANDING (UK) LTD,11653228,CompanyNumber
BULLDOG STAFF HIRE LTD,15273672,BULLDOG STAFF HIRE LTD,15273672,CompanyNumber
BULLDOG STEEL FABRICATIONS LIMITED,03802757,BULLDOG STEEL FABRICATIONS LIMITED,03802757,CompanyNumber
BULLDOG STORAGE LTD,11045926,BULLDOG STORAGE LTD,11045926,CompanyNumber
BULLDOG SUNBEDS LIMITED,15556033,BULLDOG SUNBEDS LIMITED,15556033,CompanyNumber
BULLDOG SYSTEMS LTD,13014625,BULLDOG SYSTEMS LTD,13014625,CompanyNumber
BULLDOG TAVERN LTD,15534785,BULLDOG TAVERN LTD,15534785,CompanyNumber
BULLDOG TECHNOLOGY LTD,08876375,BULLDOG TECHNOLOGY LTD,08876375,CompanyNumber
BULLDOG TOOLS (NORTH AMERICA) LTD,10895708,BULLDOG TOOLS (NORTH AMERICA) LTD,10895708,CompanyNumber
BULLDOG TOPSIDES LIMITED,SC635627,BULLDOG TOPSIDES LIMITED,SC635627,CompanyNumber
BULLDOG TOYS LTD,14363887,BULLDOG TOYS LTD,14363887,CompanyNumber
BULLDOG TRADING LTD,14071903,BULLDOG TRADING LTD,14071903,CompanyNumber
BULLDOG TRANS LTD,13489189,BULLDOG TRANS LTD,13489189,CompanyNumber
BULLDOG TUBE STRAIGHTENING SERVICES LIMITED,12963208,BULLDOG TUBE STRAIGHTENING SERVICES LIMITED,12963208,CompanyNumber
BULLDOG TV LIMITED,14850154,BULLDOG TV LIMITED,14850154,CompanyNumber
BULLDOG VAPOURS NW LTD,10621954,BULLDOG VAPOURS NW LTD,10621954,CompanyNumber
BULLDOG VENTURES LTD,15589959,BULLDOG VENTURES LTD,15589959,CompanyNumber
BULLDOG VINTAGE LTD,11266336,BULLDOG VINTAGE LTD,11266336,CompanyNumber
BULLDOG XTREME LIMITED,NI645522,BULLDOG XTREME LIMITED,NI645522,CompanyNumber
BULLDOG-SPORTS LTD,SC449962,BULLDOG-SPORTS LTD,SC449962,CompanyNumber
BULLDOGAGENCY. LTD,13954305,STRATEGIC MARKETING PARTNERS LTD,13954305,CompanyNumber
BULLDOGELEC TRADING LIMITED,14887131,BULLDOGELEC TRADING LIMITED,14887131,CompanyNumber
BULLE & BAER LTD,07245964,BULLE & BAER LTD,07245964,CompanyNumber
BULLE TRANSPORT COMPANY LTD,12726585,BULLE TRANSPORT COMPANY LTD,12726585,CompanyNumber
BULLEAR RESIDENTS ASSOCIATION LIMITED,02731165,BULLEAR RESIDENTS ASSOCIATION LIMITED,02731165,CompanyNumber
BULLEE SECURE TRANSPORT LTD,13914128,BULLEE SECURE TRANSPORT LTD,13914128,CompanyNumber
BULLEFX LTD,15804108,BULLEFX LTD,15804108,CompanyNumber
BULLEGY LIMITED,14828239,BULLEGY LIMITED,14828239,CompanyNumber
BULLEH SHAH AIRCONDITIONING LTD,05477701,BULLEH SHAH AIRCONDITIONING LTD,05477701,CompanyNumber
BULLEID SHOP LIMITED,15342893,BULLEID SHOP LIMITED,15342893,CompanyNumber
BULLEIGH BARTON COURT MANAGEMENT COMPANY LIMITED,02614263,BULLEIGH BARTON COURT MANAGEMENT COMPANY LIMITED,02614263,CompanyNumber
BULLEIGH FABRICATIONS LIMITED,11520707,BULLEIGH FABRICATIONS LIMITED,11520707,CompanyNumber
BULLEN & CO ACCOUNTANTS LIMITED,08045902,BULLEN & CO ACCOUNTANTS LIMITED,08045902,CompanyNumber
BULLEN & CO LIMITED,07256790,BULLEN & CO LIMITED,07256790,CompanyNumber
BULLEN & SON LIMITED,13581080,BULLEN & SON LIMITED,13581080,CompanyNumber
BULLEN 1921 LIMITED,15682855,LOWLANDS GROUP LIMITED,15682855,CompanyNumber
BULLEN ARCHITECTURAL LIMITED,11417744,BULLEN ARCHITECTURAL LIMITED,11417744,CompanyNumber
BULLEN BROTHERS LIMITED,09527438,BULLEN BROTHERS LIMITED,09527438,CompanyNumber
BULLEN CONSERVATION (WALES) LTD,14380601,BULLEN CONSERVATION (WALES) LTD,14380601,CompanyNumber
BULLEN CONSERVATION LIMITED,04938870,BULLEN CONSERVATION LIMITED,04938870,CompanyNumber
BULLEN CONSTRUCTION LIMITED,13983108,BULLEN CONSTRUCTION LIMITED,13983108,CompanyNumber
BULLEN CONSULTANCY LIMITED,12340721,BULLEN CONSULTANCY LIMITED,12340721,CompanyNumber
BULLEN CONSULTANTS LIMITED,03340659,BULLEN CONSULTANTS LIMITED,03340659,CompanyNumber
BULLEN DEVELOPMENTS LIMITED,01005917,BULLEN GROUP LIMITED,01005917,CompanyNumber
BULLEN DIMOND PROPERTIES LIMITED,13737458,BULLEN DIMOND PROPERTIES LIMITED,13737458,CompanyNumber
BULLEN ESTATES COMMERCIAL LTD,12432501,BULLEN ESTATES COMMERCIAL LTD,12432501,CompanyNumber
BULLEN ESTATES MANAGEMENT LTD,14971223,BULLEN ESTATES MANAGEMENT LTD,14971223,CompanyNumber
BULLEN ESTATES NORFOLK LTD,15272539,BULLEN ESTATES NORFOLK LTD,15272539,CompanyNumber
BULLEN ESTATES UK LIMITED,10758129,BULLEN ESTATES UK LIMITED,10758129,CompanyNumber
BULLEN FABRICATION LTD,07590951,BULLEN FABRICATION LTD,07590951,CompanyNumber
BULLEN GROUP LIMITED,09903280,BULLEN DEVELOPMENTS LIMITED,09903280,CompanyNumber
BULLEN HALL FARM LTD,11809344,BULLEN HALL FARM LTD,11809344,CompanyNumber
BULLEN HALL LIMITED,09595925,BULLEN HALL LIMITED,09595925,CompanyNumber
BULLEN HOLDINGS LIMITED,09911779,BULLEN 1921 LIMITED,09911779,CompanyNumber
BULLEN HOMES LIMITED,03711778,BULLEN HOMES LIMITED,03711778,CompanyNumber
BULLEN INTERNATIONAL HEALTHCARE LIMITED,03137463,BULLEN INTERNATIONAL HEALTHCARE LIMITED,03137463,CompanyNumber
BULLEN INVESTMENTS LIMITED,01845966,BULLEN INVESTMENTS LIMITED,01845966,CompanyNumber
BULLEN INVESTMENTS LIMITED,OE028123,BULLEN INVESTMENTS LIMITED,OE028123,CompanyNumber
BULLEN LEWIS & PARTNERS LIMITED,06778481,BULLEN LEWIS & PARTNERS LIMITED,06778481,CompanyNumber
BULLEN LIMITED,03376955,BULLEN LIMITED,03376955,CompanyNumber
BULLEN NO.2 LIMITED,15682841,NORFOLK AND NORWICH PROPERTY COMPANY LIMITED,15682841,CompanyNumber
BULLEN PARTNERSHIP,LP004843,BULLEN PARTNERSHIP,LP004843,CompanyNumber
BULLEN PLANT HIRE LIMITED,01326345,BULLEN PLANT HIRE LIMITED,01326345,CompanyNumber
BULLEN POWER LIMITED,14828753,BULLEN POWER LIMITED,14828753,CompanyNumber
BULLEN PROPERTIES LIMITED,05906065,BULLEN PROPERTIES LIMITED,05906065,CompanyNumber
BULLEN PROPERTY INVESTMENTS LIMITED,11453212,BULLEN PROPERTY INVESTMENTS LIMITED,11453212,CompanyNumber
BULLEN RESIDENTIAL PROPERTIES LIMITED,03819797,BULLEN RESIDENTIAL PROPERTIES LIMITED,03819797,CompanyNumber
BULLEN ROOFING LTD,13762399,BULLEN ROOFING LTD,13762399,CompanyNumber
BULLEN TRADING CO LTD,07072244,BULLEN TRADING CO LTD,07072244,CompanyNumber
BULLEN UND BAEREN STIFTUNG LTD,13515047,BULLEN UND BAEREN STIFTUNG LTD,13515047,CompanyNumber
BULLEN VILLAGE MANAGEMENT COMPANY LIMITED,06259178,BULLEN VILLAGE MANAGEMENT COMPANY LIMITED,06259178,CompanyNumber
BULLEN-BROWN LIMITED,10458091,BULLEN-BROWN LIMITED,10458091,CompanyNumber
BULLENFIELD LTD,11008413,BULLENFIELD LTD,11008413,CompanyNumber
BULLENS AUDIT SERVICES LTD,09104884,BULLENS AUDIT SERVICES LTD,09104884,CompanyNumber
BULLENS PROPERTY SERVICES LTD,15583205,BULLENS PROPERTY SERVICES LTD,15583205,CompanyNumber
BULLENS RENTALS LIMITED,13897996,BULLENS RENTALS LIMITED,13897996,CompanyNumber
BULLENS ROAD LTD,13082666,BULLENS ROAD LTD,13082666,CompanyNumber
BULLER & BULLER LTD,13549465,BULLER & BULLER LTD,13549465,CompanyNumber
BULLER AUTO SERVICES LIMITED,11865996,BULLER AUTO SERVICES LIMITED,11865996,CompanyNumber
BULLER CLOSE OWNERS RTM COMPANY LIMITED,12154796,BULLER CLOSE OWNERS RTM COMPANY LIMITED,12154796,CompanyNumber
ARKSTONE GROUP LIMITED,15528905,ARKSTONE GROUP LIMITED,15528905,CompanyNumber
ARKSTONE INVESTMENT LIMITED,13556107,ARKSTONE INVESTMENT LIMITED,13556107,CompanyNumber
ARKSTONE LTD,14889916,ARKSTONE LTD,14889916,CompanyNumber
ARKSTONE PROPERTY INVESTMENT LTD,14536308,ARKSTONE PROPERTY INVESTMENT LTD,14536308,CompanyNumber
ARKSTONE PROPERTY MANAGEMENT LLP,OC438695,ARKSTONE PROPERTY MANAGEMENT LLP,OC438695,CompanyNumber
ARKSTONE SOLUTIONS LTD,10867117,ARKSTONE SOLUTIONS LTD,10867117,CompanyNumber
ARKSTONS CAPITAL LIMITED,11848981,ARKSTONS CAPITAL LIMITED,11848981,CompanyNumber
ARKSTONS INVESTMENTS LIMITED,11015850,ARKSTONS INVESTMENTS LIMITED,11015850,CompanyNumber
ARKSTORE LIMITED,01610928,ARKSTORE LIMITED,01610928,CompanyNumber
ARKSTRADES LTD,14669679,ARKSTRADES LTD,14669679,CompanyNumber
ARKSUN PROPERTIES LTD,14205068,ARKSUN PROPERTIES LTD,14205068,CompanyNumber
ARKSUPPLYCO. LTD,14586803,ARKSUPPLYCO. LTD,14586803,CompanyNumber
ARKSURE LLP,OC314087,ARKSURE LLP,OC314087,CompanyNumber
ARKSURVEYS LTD,10972958,ARKSURVEYS LTD,10972958,CompanyNumber
ARKT COACHWORKS LTD,SC642622,ARKT COACHWORKS LTD,SC642622,CompanyNumber
ARKT MARKETING LIMITED,15154522,ARKT MARKETING LIMITED,15154522,CompanyNumber
ARKTA GROUP LTD,15358276,ARKTA GROUP LTD,15358276,CompanyNumber
ARKTEC LIMITED,06324544,ARKTEC LIMITED,06324544,CompanyNumber
ARKTECH (NE) LIMITED,06959801,ARKTECH (NE) LIMITED,06959801,CompanyNumber
ARKTECH AV LTD,12906612,ARKTECH AV LTD,12906612,CompanyNumber
ARKTECH CONSULTANCY LIMITED,07434608,ARKTECH CONSULTANCY LIMITED,07434608,CompanyNumber
ARKTECH CONSULTING LTD,08862931,ARKTECH CONSULTING LTD,08862931,CompanyNumber
ARKTECH ENTERPRISE LIMITED,13744283,ARKTECH ENTERPRISE LIMITED,13744283,CompanyNumber
ARKTECH IT SOLUTIONS LTD,13922589,ARKTECH IT SOLUTIONS LTD,13922589,CompanyNumber
ARKTECK SOLUTIONS LIMITED,14935944,ARKTECK SOLUTIONS LIMITED,14935944,CompanyNumber
ARKVER LTD,NI611577,ARKVER LTD,NI611577,CompanyNumber
ARKVIEN AI LTD.,13194867,ARKVIEN AI LTD.,13194867,CompanyNumber
ARKVIEW LTD,15453527,ARKVIEW LTD,15453527,CompanyNumber
ARKVILLE DEVELOPMENTS LTD,14688105,ARKVILLE DEVELOPMENTS LTD,14688105,CompanyNumber
ARKVILLE LIMITED,13149727,ARKVILLE LIMITED,13149727,CompanyNumber
ARKW LTD,09727136,ARKW LTD,09727136,CompanyNumber
ARKWALL LIMITED,02497479,ARKWALL LIMITED,02497479,CompanyNumber
ARKWAY BUILDING AND CONSTRUCTION LTD,11415802,ARKWAY BUILDING AND CONSTRUCTION LTD,11415802,CompanyNumber
ARKWAY GROUNDWORKS LTD,13432788,ARKWAY GROUNDWORKS LTD,13432788,CompanyNumber
ARKWAY GROUP LTD,15778743,ARKWAY GROUP LTD,15778743,CompanyNumber
ARKWAY LIMITED,13432929,ARKWAY LIMITED,13432929,CompanyNumber
ARKWAY PLANT HIRE LTD,15777373,ARKWAY PLANT HIRE LTD,15777373,CompanyNumber
ARKWELL 3 LILAC LTD,15580331,ARKWELL 3 LILAC LTD,15580331,CompanyNumber
ARKWELL CONSULTING LTD,14198358,ARKWELL CONSULTING LTD,14198358,CompanyNumber
ARKWELL FASTENERS LIMITED,01599516,ARKWELL FASTENERS LIMITED,01599516,CompanyNumber
ARKWELL HOMES LIMITED,SC696734,ARKWELL HOMES LIMITED,SC696734,CompanyNumber
ARKWELL HOUSE LTD,11013808,ARKWELL HOUSE LTD,11013808,CompanyNumber
ARKWELL PROPERTIES LIMITED,OE003727,ARKWELL PROPERTIES LIMITED,OE003727,CompanyNumber
ARKWEST LIMITED,06323770,ARKWEST LIMITED,06323770,CompanyNumber
ARKWHEEL LIMITED,09047428,ARKWHEEL LIMITED,09047428,CompanyNumber
ARKWHITES LTD,15318493,ARKWHITES LTD,15318493,CompanyNumber
ARKWOOD DEVELOPMENTS LIMITED,11383915,ARKWOOD DEVELOPMENTS LIMITED,11383915,CompanyNumber
ARKWOOD LTD,08294137,ARKWOOD LTD,08294137,CompanyNumber
ARKWOOD PROJECTS LTD,07380781,ARKWOOD PROJECTS LTD,07380781,CompanyNumber
ARKWOOD PROPERTY GROUP LTD,12401525,ARKWOOD PROPERTY GROUP LTD,12401525,CompanyNumber
ARKWORKS BUILDERS LIMITED,06783318,ARKWORKS BUILDERS LIMITED,06783318,CompanyNumber
ARKWORLD UK LIMITED,04852670,ARKWORLD UK LIMITED,04852670,CompanyNumber
ARKWRIGHT & CO SW LIMITED,08861924,ARKWRIGHT & CO SW LIMITED,08861924,CompanyNumber
ARKWRIGHT INSURANCE BROKERS LIMITED,05479162,ARKWRIGHT INSURANCE BROKERS LIMITED,05479162,CompanyNumber
ARKWRIGHT INVESTMENTS LIMITED,01891200,ARKWRIGHT INVESTMENTS LIMITED,01891200,CompanyNumber
ARKWRIGHT LAW SOLICITORS LTD,12591239,ARKWRIGHT LAW SOLICITORS LTD,12591239,CompanyNumber
ARKWRIGHT  LTD,12581339,ARKWRIGHT LONDON LTD,12581339,CompanyNumber
ARKWRIGHT  PARTNERS LLP,OC445344,ARKWRIGHT LONDON PARTNERS LLP,OC445344,CompanyNumber
ARL DIRECT TRANSPORT & DISTRIBUTION SERVICES LIMITED,SC644654,ARL DIRECT TRANSPORT & DISTRIBUTION SERVICES LIMITED,SC644654,CompanyNumber
ARL DIRECT TRANSPORT LTD,SC779552,ARL DIRECT TRANSPORT LTD,SC779552,CompanyNumber
AIRLINE RESERVATION LIMITED,14498022,AIRLINE RESERVATION LIMITED,14498022,CompanyNumber
AIRLINE ROTABLES (UK HOLDINGS) LIMITED,02637160,AIRLINE ROTABLES (UK HOLDINGS) LIMITED,02637160,CompanyNumber
AIRLINE SERVICES AND COMPONENTS GROUP LIMITED,07652548,AIRLINE SERVICES AND COMPONENTS GROUP LIMITED,07652548,CompanyNumber
AIRLINE SERVICES COMPONENTS LIMITED,01503647,AIRLINE SERVICES COMPONENTS LIMITED,01503647,CompanyNumber
AIRLINE SERVICES HOLDINGS LIMITED,05211996,AIRLINE SERVICES HOLDINGS LIMITED,05211996,CompanyNumber
AIRLINE SERVICES LIMITED,01685094,AIRLINE SERVICES LIMITED,01685094,CompanyNumber
AIRLINE SERVICES TECHNICS LIMITED,06721205,AIRLINE SERVICES TECHNICS LIMITED,06721205,CompanyNumber
AIRLINE SUPPORT LIMITED,15070430,AIRLINE SUPPORT LIMITED,15070430,CompanyNumber
AIRLINE TARIFF PUBLISHING COMPANY,FC014373,AIRLINE TARIFF PUBLISHING COMPANY,FC014373,CompanyNumber
AIRLINE TICKET LIMITED,14523602,AIRLINE TICKET LIMITED,14523602,CompanyNumber
AIRLINE TICKETS SERVICE LTD,14922726,AIRLINE TICKETS SERVICE LTD,14922726,CompanyNumber
AIRLINE TRAINING ACADEMY UK LTD,07558429,AIRLINE TRAINING ACADEMY UK LTD,07558429,CompanyNumber
AIRLINE TRAINING ASSOCIATES LIMITED,01803135,AIRLINE TRAINING ASSOCIATES LIMITED,01803135,CompanyNumber
AIRLINE TRAVEL HUB LIMITED,08274114,AIRLINE TRAVEL HUB LIMITED,08274114,CompanyNumber
AIRLINE TRAVELS LIMITED,08403564,AIRLINE TRAVELS LIMITED,08403564,CompanyNumber
AIRLINE VENTURES LIMITED,11044404,AIRLINE VENTURES LIMITED,11044404,CompanyNumber
AIRLINEN LTD,10141677,AIRLINEN LTD,10141677,CompanyNumber
AIRLINEPREP LIMITED,10399598,AIRLINEPREP LIMITED,10399598,CompanyNumber
AIRLINEPROS NORTHERN EUROPE LTD,12079551,AIRLINEPROS NORTHERN EUROPE LTD,12079551,CompanyNumber
AIRLINER FOR RENT LTD,11157621,AIRLINER FOR RENT LTD,11157621,CompanyNumber
AIRLINER1 EUROPE LIMITED,SC464056,AIRLINER1 EUROPE LIMITED,SC464056,CompanyNumber
AIRLINERS LIVE LTD,14062002,AIRLINERS LIVE LTD,14062002,CompanyNumber
AIRLINES 4 DIALOGUE LIMITED,05882574,AIRLINES 4 DIALOGUE LIMITED,05882574,CompanyNumber
AIRLINES BAGAGE LTD,15139570,AIRLINES BAGAGE LTD,15139570,CompanyNumber
AIRLINES GLOBAL SOLUTIONS LIMITED,12776613,AIRLINES GLOBAL SOLUTIONS LIMITED,12776613,CompanyNumber
AIRLINES MARKET LIMITED,10899619,AIRLINES MARKET LIMITED,10899619,CompanyNumber
AIRLINES PAYMENT SYSTEM LTD,15434683,AIRLINES PAYMENT SYSTEM LTD,15434683,CompanyNumber
AIRLINES RESERVATIONS LTD,14869092,AIRLINES RESERVATIONS LTD,14869092,CompanyNumber
AIRLINES SOFTWARE SOLUTIONS LTD,15246457,AIRLINES SOFTWARE SOLUTIONS LTD,15246457,CompanyNumber
AIRLINES UK - THE ASSOCIATION OF UK AIRLINES LIMITED,04466066,AIRLINES UK - THE ASSOCIATION OF UK AIRLINES LIMITED,04466066,CompanyNumber
AIRLINESOLUTIONS LTD,11044170,AIRLINESOLUTIONS LTD,11044170,CompanyNumber
AIRLINGUA INTERNATIONAL LTD,09084985,AIRLINGUA INTERNATIONAL LTD,09084985,CompanyNumber
AIRLINK 4 U LIMITED,05057638,AIRLINK 4 U LIMITED,05057638,CompanyNumber
AIRLINK COMMUNICATION LIMITED,15218950,AIRLINK COMMUNICATION LIMITED,15218950,CompanyNumber
AIRLINK GLOBAL TRAVEL LIMITED,15733939,AIRLINK GLOBAL TRAVEL LIMITED,15733939,CompanyNumber
AIRLINK HOLIDAYS LIMITED,06590854,AIRLINK HOLIDAYS LIMITED,06590854,CompanyNumber
AIRLINK HOTEL & BANQUETING SUITE LTD,08632949,AIRLINK HOTEL & BANQUETING SUITE LTD,08632949,CompanyNumber
AIRLINK MANAGEMENT LIMITED,14186934,AIRLINK MANAGEMENT LIMITED,14186934,CompanyNumber
AIRLINK MK LTD,15558860,AIRLINK MK LTD,15558860,CompanyNumber
AIRLINK PROJECTS BG LTD,15142863,AIRLINK PROJECTS BG LTD,15142863,CompanyNumber
AIRLINK TAXIS LIMITED,13010706,AIRLINK TAXIS LIMITED,13010706,CompanyNumber
AIRLINK TECHNOLOGY SERVICES LTD,14840518,AIRLINK TECHNOLOGY SERVICES LTD,14840518,CompanyNumber
AIRLINK TRANSFER LTD,14971001,AIRLINK TRANSFER LTD,14971001,CompanyNumber
AIRLINK TRANSPORT LTD,15001411,AIRLINK TRANSPORT LTD,15001411,CompanyNumber
AIRLINK TRAVEL (EDI) LIMITED,SC599411,AIRLINK TRAVEL (EDI) LIMITED,SC599411,CompanyNumber
AIRLINKS PRIVATE LTD,15247595,AIRLINKS PRIVATE LTD,15247595,CompanyNumber
AIRLINKS THE AIRPORT COACH COMPANY LIMITED,02036613,AIRLINKS THE AIRPORT COACH COMPANY LIMITED,02036613,CompanyNumber
AIRLITE CONSULTING LTD,14881804,AIRLITE CONSULTING LTD,14881804,CompanyNumber
AIRLITE FINANCE LIMITED,00636494,AIRLITE FINANCE LIMITED,00636494,CompanyNumber
AIRLITE PROPERTY SOLUTIONS LTD,14390696,AIRLITE PROPERTY SOLUTIONS LTD,14390696,CompanyNumber
AIRLIVE LIMITED,10000510,AIRLIVE LIMITED,10000510,CompanyNumber
AIRLOAD ENGINEERING LIMITED,01542124,AIRLOAD ENGINEERING LIMITED,01542124,CompanyNumber
AIRLOAD WASTE MANAGEMENT LTD,10775574,AIRLOAD WASTE MANAGEMENT LTD,10775574,CompanyNumber
AIRLOCAL LTD,11726558,AIRLOCAL LTD,11726558,CompanyNumber
AIRLOCATE LTD,14791229,AIRLOCATE LTD,14791229,CompanyNumber
AIRLOCK AVIATION LIMITED,05473267,AIRLOCK AVIATION LIMITED,05473267,CompanyNumber
AIRLOCK THEATRE LIMITED,14427605,AIRLOCK THEATRE LIMITED,14427605,CompanyNumber
AIRLOCK UK LIMITED,14970896,AIRLOCK UK LIMITED,14970896,CompanyNumber
AIRLOCUM LIMITED,11591611,AIRLOCUM LIMITED,11591611,CompanyNumber
AIRLOFTY LTD,14916775,AIRLOFTY LTD,14916775,CompanyNumber
AIRLOG SOLUTIONS LIMITED,11170758,AIRLOG SOLUTIONS LIMITED,11170758,CompanyNumber
AIRLOK LIMITED,09546280,AIRLOK LIMITED,09546280,CompanyNumber
AIRLOOP & SON LTD,14816025,AIRLOOP & SON LTD,14816025,CompanyNumber
AIRLOOP LTD,12038589,AIRLOOP LTD,12038589,CompanyNumber
AIRLOUNGE CONSULTING LIMITED,11935621,AIRLOUNGE CONSULTING LIMITED,11935621,CompanyNumber
AIRLUME VENTURES LP,SL030787,AIRLUME VENTURES LP,SL030787,CompanyNumber
AIRLUN LTD,15491727,AIRLUN LTD,15491727,CompanyNumber
AIRLUXE HOSPITALITY LTD,14973310,AIRLUXE HOSPITALITY LTD,14973310,CompanyNumber
AIRLUXE LTD,05899691,AIRLUXE LTD,05899691,CompanyNumber
AIRLUXE MANAGEMENT LTD,15182448,AIRLUXE MANAGEMENT LTD,15182448,CompanyNumber
AIRLUXJETS LTD,14970234,AIRLUXJETS LTD,14970234,CompanyNumber
AIRLY AIR QUALITY SERVICES LTD,13653711,AIRLY AIR QUALITY SERVICES LTD,13653711,CompanyNumber
AIRLY INC.,FC039704,AIRLY INC.,FC039704,CompanyNumber
AIRLY LIMITED,13463723,AIRLY LIMITED,13463723,CompanyNumber
AIRLYNX CRUISE PARKING LIMITED,15609240,AIRLYNX CRUISE PARKING LIMITED,15609240,CompanyNumber
AIRLYNX PARKING LIMITED,08458344,AIRLYNX PARKING LIMITED,08458344,CompanyNumber
AIRMA LIMITED,12269548,AIRMA LIMITED,12269548,CompanyNumber
AIRMAC GDI LIMITED,SC380200,WOODSIDE 1 LIMITED,SC380200,CompanyNumber
AIRMAC UK LTD,09049162,AIRMAC UK LTD,09049162,CompanyNumber
AIRMAC VBE LIMITED,SC560321,WOODSIDE 2 LIMITED,SC560321,CompanyNumber
AIRMACS AVIATION LIMITED,14093783,AIRMACS AVIATION LIMITED,14093783,CompanyNumber
AIRMAGEDDON PRODUCTIONS LTD,09744790,AIRMAGEDDON PRODUCTIONS LTD,09744790,CompanyNumber
AIRMAGIC LTD,15519892,AIRMAGIC LTD,15519892,CompanyNumber
AIRMAIL  LIMITED,10062314,AIRMAIL LONDON LIMITED,10062314,CompanyNumber
AIRMAIL PRESS LTD,13645028,AIRMAIL PRESS LTD,13645028,CompanyNumber
AIRMAILS LIMITED,10064414,AIRMAILS LIMITED,10064414,CompanyNumber
AIRMAKE LTD,11846953,CONSHURST PROPERTIES LIMITED,11846953,CompanyNumber
AIRLINE TRAVELS LTD,08403564,AIRLINE TRAVELS LIMITED,08403564,CompanyNumber
AIRLINE VENTURES LTD,11044404,AIRLINE VENTURES LIMITED,11044404,CompanyNumber
AIRLINEN LTD,10141677,AIRLINEN LTD,10141677,CompanyNumber
AIRLINEPREP LTD,10399598,AIRLINEPREP LIMITED,10399598,CompanyNumber
AIRLINEPROS NORTHERN EUROPE LTD,13079551,SIDHU G & CO LTD,13079551,CompanyNumber
AIRLINER FOR RENT LTD,11157631,S & Z ENTERPRISE LIMITED,11157631,CompanyNumber
AIRLINER1 EUROPE LTD,SC464056,AIRLINER1 EUROPE LIMITED,SC464056,CompanyNumber
AIRLINERS LIVE LTD,14063003,GEMINI CLEANING LTD,14063003,CompanyNumber
AIRLINE 4 DIALOGUE LTD,05883574,AIRLINES 4 DIALOGUE LIMITED,05882574,CompanyName
AIRLINE BAGAGE LTD,15139570,AIRLINES BAGAGE LTD,15139570,CompanyNumber
AIRLINE GLOBAL SOLUTIONS LTD,13776613,KATIE CLARK BOUTIQUE LIMITED,13776613,CompanyNumber
AIRLINE MARKET LTD,10899619,AIRLINES MARKET LIMITED,10899619,CompanyNumber
AIRLINE PAYMENT SYSTEM LTD,15434683,AIRLINES PAYMENT SYSTEM LTD,15434683,CompanyNumber
AIRLINE RESERVATIONS LTD,14869093,360 LAB LTD,14869093,CompanyNumber
AIRLINE SOFTWARE SOLUTIONS LTD,15346457,WHITTWHITEMAG LTD,15346457,CompanyNumber
AIRLINE UK - THE ASSOCIATION OF UK AIRLINE LTD,04466066,AIRLINES UK - THE ASSOCIATION OF UK AIRLINES LIMITED,04466066,CompanyNumber
AIRLINEOLUTIONS LTD,11044170,AIRLINESOLUTIONS LTD,11044170,CompanyNumber
AIRLINGUA INTERNATIONAL LTD,09084985,AIRLINGUA INTERNATIONAL LTD,09084985,CompanyNumber
AIRLINKS 4 U LTD,05057638,AIRLINK 4 U LIMITED,05057638,CompanyNumber
AIRLINKS COMMUNICATION LTD,15318950,WARREN DEVENEYS LTD,15318950,CompanyNumber
AIRLINKS GLOBAL TRAVEL LTD,15733939,AIRLINK GLOBAL TRAVEL LIMITED,15733939,CompanyNumber
AIRLINKS HOLIDAYS LTD,06590854,AIRLINK HOLIDAYS LIMITED,06590854,CompanyNumber
